{
  "JointCBM": {
    "model": "JointCBM",
    "dataset": "ctu",
    "weighted_f1": 0.9323921285753106,
    "concept_accuracies": {
      "is_beaconing": 0.9710869565217392,
      "is_high_rate": 0.9835507246376811,
      "is_syn_heavy": 0.9786956521739131,
      "is_short_connection": 0.9984782608695653,
      "is_persistent": 0.8354347826086956,
      "is_asymmetric": 0.8703623188405797,
      "is_single_packet_probe": 0.9440579710144927,
      "is_incomplete_handshake": 0.8333333333333334
    },
    "mean_concept_accuracy": 0.926875,
    "ood_auroc": 0.8636851599999998,
    "tpr_at_5pct_fpr": 0.6046,
    "intervention_base_acc": 0.9328985507246377,
    "intervention_deltas": {
      "is_beaconing": 0.0,
      "is_high_rate": -0.00021739130434783593,
      "is_syn_heavy": -0.0017391304347825765,
      "is_short_connection": 0.0,
      "is_persistent": -0.14565217391304353,
      "is_asymmetric": -0.11942028985507247,
      "is_single_packet_probe": -0.000942028985507215,
      "is_incomplete_handshake": -0.00014492753623185362
    }
  }
}