{
  "DecisionTree": {
    "f1": 0.8116127732909131,
    "auroc_conf": 0.4241190898155573,
    "auroc_maha": 0.80910854,
    "tpr5_conf": 0.03989574979951885,
    "tpr5_maha": 0.5598,
    "depth": 15,
    "n_leaves": 3193
  },
  "RandomForest": {
    "f1": 0.8044673902521765,
    "auroc": 0.6935944159315691,
    "tpr5": 0.14003608660785885
  }
}