{
  "DecisionTree": {
    "f1": 0.935042132979409,
    "auroc_conf": 0.2833451485507246,
    "auroc_maha": 0.33505825999999994,
    "tpr5_conf": 0.0001,
    "tpr5_maha": 0.0366,
    "depth": 10,
    "n_leaves": 46
  },
  "RandomForest": {
    "f1": 0.9351120772944846,
    "auroc": 0.6267515507246377,
    "tpr5": 0.4109
  }
}