{
  "ddos_high_rate": {
    "Benign": 0.0008695652359165251,
    "C&C-HeartBeat": 0.0031884058844298124,
    "DDoS": 0.6889855265617371,
    "Okiru": 0.21217390894889832
  },
  "cc_heartbeat_beaconing": {
    "Benign": 0.26144927740097046,
    "C&C-HeartBeat": 0.7724637389183044,
    "DDoS": 0.1371014565229416,
    "Okiru": 0.0
  },
  "benign_single_probe": {
    "Benign": 0.870724618434906,
    "C&C-HeartBeat": 0.4533333480358124,
    "DDoS": 0.20231884717941284,
    "Okiru": 0.7855072617530823
  },
  "okiru_low_rate": {
    "Benign": 0.8713043332099915,
    "C&C-HeartBeat": 0.6176811456680298,
    "DDoS": 0.2368115931749344,
    "Okiru": 0.7878260612487793
  },
  "asymmetric_flood": {
    "Benign": 0.12840579450130463,
    "C&C-HeartBeat": 0.52173912525177,
    "DDoS": 0.7962318658828735,
    "Okiru": 0.21449275314807892
  },
  "persistent_connection": {
    "Benign": 0.12782607972621918,
    "C&C-HeartBeat": 0.37913042306900024,
    "DDoS": 0.07884057611227036,
    "Okiru": 0.0
  },
  "incomplete_handshake": {
    "Benign": 0.26028984785079956,
    "C&C-HeartBeat": 0.8594202995300293,
    "DDoS": 0.006956521887332201,
    "Okiru": 0.0014492754125967622
  },
  "ddos_short_burst": {
    "Benign": 0.0005797101184725761,
    "C&C-HeartBeat": 0.0008695652359165251,
    "DDoS": 0.6889855265617371,
    "Okiru": 0.21217390894889832
  }
}