{
  "ddos_high_rate": {
    "Benign": 0.0008695652359165251,
    "C&C-HeartBeat": 0.0031884058844298124,
    "DDoS": 0.6889855265617371,
    "Okiru": 0.21217390894889832
  },
  "cc_heartbeat_beaconing": {
    "Benign": 0.26144927740097046,
    "C&C-HeartBeat": 0.7718840837478638,
    "DDoS": 0.1542028933763504,
    "Okiru": 0.0
  },
  "benign_single_probe": {
    "Benign": 0.870724618434906,
    "C&C-HeartBeat": 0.4533333480358124,
    "DDoS": 0.20231884717941284,
    "Okiru": 0.7855072617530823
  },
  "okiru_low_rate": {
    "Benign": 0.8713043332099915,
    "C&C-HeartBeat": 0.6176811456680298,
    "DDoS": 0.23217391967773438,
    "Okiru": 0.7878260612487793
  },
  "asymmetric_flood": {
    "Benign": 0.12840579450130463,
    "C&C-HeartBeat": 0.5368115901947021,
    "DDoS": 0.7962318658828735,
    "Okiru": 0.21449275314807892
  },
  "persistent_connection": {
    "Benign": 0.12782607972621918,
    "C&C-HeartBeat": 0.37913042306900024,
    "DDoS": 0.07768116146326065,
    "Okiru": 0.0
  },
  "incomplete_handshake": {
    "Benign": 0.2617391347885132,
    "C&C-HeartBeat": 0.88492751121521,
    "DDoS": 0.6959420442581177,
    "Okiru": 0.21565216779708862
  },
  "ddos_short_burst": {
    "Benign": 0.0005797101184725761,
    "C&C-HeartBeat": 0.0008695652359165251,
    "DDoS": 0.6889855265617371,
    "Okiru": 0.21217390894889832
  }
}