{
  "dataset": "ctu",
  "model": "nesy",
  "seed": 1,
  "known_f1": 0.93359180942125,
  "ood_auroc": 0.91817546,
  "tpr_at_5fpr": 0.7166,
  "mean_crispness": 1.0,
  "gate_alpha": 0.3781832456588745,
  "crispness_per_rule": {
    "ddos_high_rate": 1.0,
    "cc_heartbeat_beaconing": 1.0,
    "benign_single_probe": 1.0,
    "okiru_low_rate": 1.0,
    "asymmetric_flood": 1.0,
    "persistent_connection": 1.0,
    "incomplete_handshake": 1.0,
    "ddos_short_burst": 1.0
  },
  "editing_results": {
    "ddos_high_rate": {
      "base_acc": 0.9340579509735107,
      "acc_forced_hi": 0.9340579509735107,
      "acc_forced_lo": 0.9340579509735107,
      "delta_hi": 0.0,
      "delta_lo": 0.0
    },
    "cc_heartbeat_beaconing": {
      "base_acc": 0.9340579509735107,
      "acc_forced_hi": 0.9340579509735107,
      "acc_forced_lo": 0.9340579509735107,
      "delta_hi": 0.0,
      "delta_lo": 0.0
    },
    "benign_single_probe": {
      "base_acc": 0.9340579509735107,
      "acc_forced_hi": 0.9340579509735107,
      "acc_forced_lo": 0.9340579509735107,
      "delta_hi": 0.0,
      "delta_lo": 0.0
    },
    "okiru_low_rate": {
      "base_acc": 0.9340579509735107,
      "acc_forced_hi": 0.9339854717254639,
      "acc_forced_lo": 0.9340579509735107,
      "delta_hi": -7.2479248046875e-05,
      "delta_lo": 0.0
    },
    "asymmetric_flood": {
      "base_acc": 0.9340579509735107,
      "acc_forced_hi": 0.9340579509735107,
      "acc_forced_lo": 0.9339854717254639,
      "delta_hi": 0.0,
      "delta_lo": -7.2479248046875e-05
    },
    "persistent_connection": {
      "base_acc": 0.9340579509735107,
      "acc_forced_hi": 0.9339854717254639,
      "acc_forced_lo": 0.933768093585968,
      "delta_hi": -7.2479248046875e-05,
      "delta_lo": -0.0002898573875427246
    },
    "incomplete_handshake": {
      "base_acc": 0.9340579509735107,
      "acc_forced_hi": 0.9340579509735107,
      "acc_forced_lo": 0.9340579509735107,
      "delta_hi": 0.0,
      "delta_lo": 0.0
    },
    "ddos_short_burst": {
      "base_acc": 0.9340579509735107,
      "acc_forced_hi": 0.933912992477417,
      "acc_forced_lo": 0.9340579509735107,
      "delta_hi": -0.00014495849609375,
      "delta_lo": 0.0
    }
  }
}