{
  "ddos_high_rate": {
    "Benign": 0.0008695652359165251,
    "C&C-HeartBeat": 0.0031884058844298124,
    "DDoS": 0.6889855265617371,
    "Okiru": 0.21217390894889832
  },
  "cc_heartbeat_beaconing": {
    "Benign": 0.26144927740097046,
    "C&C-HeartBeat": 0.7718840837478638,
    "DDoS": 0.12666666507720947,
    "Okiru": 0.0
  },
  "benign_single_probe": {
    "Benign": 0.8724637627601624,
    "C&C-HeartBeat": 0.6162318587303162,
    "DDoS": 0.23391304910182953,
    "Okiru": 0.7878260612487793
  },
  "okiru_low_rate": {
    "Benign": 0.8713043332099915,
    "C&C-HeartBeat": 0.6176811456680298,
    "DDoS": 0.2336231917142868,
    "Okiru": 0.7878260612487793
  },
  "asymmetric_flood": {
    "Benign": 0.9985507130622864,
    "C&C-HeartBeat": 0.9901449084281921,
    "DDoS": 0.8092753887176514,
    "Okiru": 1.0
  },
  "persistent_connection": {
    "Benign": 0.12782607972621918,
    "C&C-HeartBeat": 0.37913042306900024,
    "DDoS": 0.07884057611227036,
    "Okiru": 0.0
  },
  "incomplete_handshake": {
    "Benign": 0.26028984785079956,
    "C&C-HeartBeat": 0.8594202995300293,
    "DDoS": 0.006956521887332201,
    "Okiru": 0.0014492754125967622
  },
  "ddos_short_burst": {
    "Benign": 0.0008695652359165251,
    "C&C-HeartBeat": 0.0031884058844298124,
    "DDoS": 0.6889855265617371,
    "Okiru": 0.21217390894889832
  }
}