{
  "dataset": "ctu",
  "model": "rule_only",
  "seed": 0,
  "known_f1": 0.56121191716263,
  "ood_auroc": 0.8627760800000002,
  "tpr_at_5fpr": 0.4592,
  "mean_crispness": 0.998713768115942,
  "gate_alpha": NaN,
  "crispness_per_rule": {
    "ddos_syn_flood": 1.0,
    "cc_heartbeat_beaconing": 0.9944927536231885,
    "benign_single_probe": 1.0,
    "okiru_low_rate": 0.9968115942028986,
    "asymmetric_flood": 1.0,
    "persistent_connection": 0.9984057971014493,
    "incomplete_handshake": 1.0,
    "high_variance_rate": 1.0
  },
  "editing_results": {
    "ddos_syn_flood": {
      "base_acc": 0.642463743686676,
      "acc_forced_hi": 0.6407970786094666,
      "acc_forced_lo": 0.642463743686676,
      "delta_hi": -0.0016666650772094727,
      "delta_lo": 0.0
    },
    "cc_heartbeat_beaconing": {
      "base_acc": 0.642463743686676,
      "acc_forced_hi": 0.4630434513092041,
      "acc_forced_lo": 0.4860144853591919,
      "delta_hi": -0.17942029237747192,
      "delta_lo": -0.15644925832748413
    },
    "benign_single_probe": {
      "base_acc": 0.642463743686676,
      "acc_forced_hi": 0.4578985273838043,
      "acc_forced_lo": 0.6303622722625732,
      "delta_hi": -0.1845652163028717,
      "delta_lo": -0.012101471424102783
    },
    "okiru_low_rate": {
      "base_acc": 0.642463743686676,
      "acc_forced_hi": 0.5234782099723816,
      "acc_forced_lo": 0.6059420108795166,
      "delta_hi": -0.11898553371429443,
      "delta_lo": -0.036521732807159424
    },
    "asymmetric_flood": {
      "base_acc": 0.642463743686676,
      "acc_forced_hi": 0.6408695578575134,
      "acc_forced_lo": 0.6406521201133728,
      "delta_hi": -0.0015941858291625977,
      "delta_lo": -0.0018116235733032227
    },
    "persistent_connection": {
      "base_acc": 0.642463743686676,
      "acc_forced_hi": 0.5442753434181213,
      "acc_forced_lo": 0.6426811218261719,
      "delta_hi": -0.09818840026855469,
      "delta_lo": 0.0002173781394958496
    },
    "incomplete_handshake": {
      "base_acc": 0.642463743686676,
      "acc_forced_hi": 0.40528982877731323,
      "acc_forced_lo": 0.42818838357925415,
      "delta_hi": -0.2371739149093628,
      "delta_lo": -0.21427536010742188
    },
    "high_variance_rate": {
      "base_acc": 0.642463743686676,
      "acc_forced_hi": 0.6407970786094666,
      "acc_forced_lo": 0.642463743686676,
      "delta_hi": -0.0016666650772094727,
      "delta_lo": 0.0
    }
  }
}